question_id,option_order,option_text
math-what-is-12-0001,0,40
math-what-is-12-0001,1,30
math-what-is-12-0001,2,31
math-what-is-12-0001,3,33
math-what-is-13-0002,0,32
math-what-is-13-0002,1,33
math-what-is-13-0002,2,42
math-what-is-13-0002,3,35
math-what-is-14-0003,0,20
math-what-is-14-0003,1,21
math-what-is-14-0003,2,23
math-what-is-14-0003,3,30
math-what-is-15-0004,0,22
math-what-is-15-0004,1,32
math-what-is-15-0004,2,25
math-what-is-15-0004,3,23
math-what-is-16-0005,0,24
math-what-is-16-0005,1,34
math-what-is-16-0005,2,25
math-what-is-16-0005,3,27
math-what-is-17-0006,0,29
math-what-is-17-0006,1,27
math-what-is-17-0006,2,26
math-what-is-17-0006,3,36
math-what-is-18-0007,0,29
math-what-is-18-0007,1,28
math-what-is-18-0007,2,31
math-what-is-18-0007,3,38
math-what-is-19-0008,0,40
math-what-is-19-0008,1,31
math-what-is-19-0008,2,30
math-what-is-19-0008,3,33
math-what-is-20-0009,0,42
math-what-is-20-0009,1,32
math-what-is-20-0009,2,33
math-what-is-20-0009,3,35
math-what-is-21-0010,0,44
math-what-is-21-0010,1,35
math-what-is-21-0010,2,34
math-what-is-21-0010,3,37
math-what-is-22-0011,0,39
math-what-is-22-0011,1,36
math-what-is-22-0011,2,37
math-what-is-22-0011,3,46
math-what-is-23-0012,0,39
math-what-is-23-0012,1,41
math-what-is-23-0012,2,38
math-what-is-23-0012,3,48
math-what-is-24-0013,0,50
math-what-is-24-0013,1,40
math-what-is-24-0013,2,43
math-what-is-24-0013,3,41
math-what-is-25-0014,0,45
math-what-is-25-0014,1,52
math-what-is-25-0014,2,42
math-what-is-25-0014,3,43
math-what-is-26-0015,0,44
math-what-is-26-0015,1,47
math-what-is-26-0015,2,45
math-what-is-26-0015,3,54
math-what-is-27-0016,0,49
math-what-is-27-0016,1,56
math-what-is-27-0016,2,46
math-what-is-27-0016,3,47
math-what-is-28-0017,0,37
math-what-is-28-0017,1,34
math-what-is-28-0017,2,44
math-what-is-28-0017,3,35
math-what-is-29-0018,0,37
math-what-is-29-0018,1,39
math-what-is-29-0018,2,36
math-what-is-29-0018,3,46
math-what-is-30-0019,0,41
math-what-is-30-0019,1,48
math-what-is-30-0019,2,39
math-what-is-30-0019,3,38
math-what-is-31-0020,0,41
math-what-is-31-0020,1,43
math-what-is-31-0020,2,50
math-what-is-31-0020,3,40
math-what-is-32-0021,0,52
math-what-is-32-0021,1,43
math-what-is-32-0021,2,42
math-what-is-32-0021,3,45
math-what-is-33-0022,0,47
math-what-is-33-0022,1,54
math-what-is-33-0022,2,44
math-what-is-33-0022,3,45
math-what-is-34-0023,0,56
math-what-is-34-0023,1,46
math-what-is-34-0023,2,49
math-what-is-34-0023,3,47
math-what-is-35-0024,0,48
math-what-is-35-0024,1,58
math-what-is-35-0024,2,49
math-what-is-35-0024,3,51
math-what-is-36-0025,0,60
math-what-is-36-0025,1,51
math-what-is-36-0025,2,50
math-what-is-36-0025,3,53
math-what-is-37-0026,0,55
math-what-is-37-0026,1,53
math-what-is-37-0026,2,52
math-what-is-37-0026,3,62
math-what-is-38-0027,0,64
math-what-is-38-0027,1,57
math-what-is-38-0027,2,55
math-what-is-38-0027,3,54
math-what-is-39-0028,0,66
math-what-is-39-0028,1,59
math-what-is-39-0028,2,56
math-what-is-39-0028,3,57
math-what-is-40-0029,0,59
math-what-is-40-0029,1,61
math-what-is-40-0029,2,58
math-what-is-40-0029,3,68
math-what-is-41-0030,0,60
math-what-is-41-0030,1,70
math-what-is-41-0030,2,63
math-what-is-41-0030,3,61
math-what-is-42-0031,0,58
math-what-is-42-0031,1,48
math-what-is-42-0031,2,49
math-what-is-42-0031,3,51
math-what-is-43-0032,0,51
math-what-is-43-0032,1,53
math-what-is-43-0032,2,50
math-what-is-43-0032,3,60
math-what-is-44-0033,0,62
math-what-is-44-0033,1,52
math-what-is-44-0033,2,53
math-what-is-44-0033,3,55
math-what-is-45-0034,0,54
math-what-is-45-0034,1,64
math-what-is-45-0034,2,55
math-what-is-45-0034,3,57
math-what-is-46-0035,0,56
math-what-is-46-0035,1,66
math-what-is-46-0035,2,59
math-what-is-46-0035,3,57
math-what-is-47-0036,0,58
math-what-is-47-0036,1,68
math-what-is-47-0036,2,61
math-what-is-47-0036,3,59
math-what-is-48-0037,0,63
math-what-is-48-0037,1,61
math-what-is-48-0037,2,70
math-what-is-48-0037,3,60
math-what-is-49-0038,0,62
math-what-is-49-0038,1,65
math-what-is-49-0038,2,72
math-what-is-49-0038,3,63
math-what-is-50-0039,0,64
math-what-is-50-0039,1,74
math-what-is-50-0039,2,67
math-what-is-50-0039,3,65
math-what-is-51-0040,0,67
math-what-is-51-0040,1,66
math-what-is-51-0040,2,76
math-what-is-51-0040,3,69
math-what-is-52-0041,0,68
math-what-is-52-0041,1,71
math-what-is-52-0041,2,78
math-what-is-52-0041,3,69
math-what-is-53-0042,0,73
math-what-is-53-0042,1,70
math-what-is-53-0042,2,80
math-what-is-53-0042,3,71
math-what-is-54-0043,0,75
math-what-is-54-0043,1,72
math-what-is-54-0043,2,82
math-what-is-54-0043,3,73
math-what-is-55-0044,0,75
math-what-is-55-0044,1,74
math-what-is-55-0044,2,84
math-what-is-55-0044,3,77
math-what-is-56-0045,0,62
math-what-is-56-0045,1,63
math-what-is-56-0045,2,65
math-what-is-56-0045,3,72
math-what-is-57-0046,0,65
math-what-is-57-0046,1,67
math-what-is-57-0046,2,64
math-what-is-57-0046,3,74
math-what-is-58-0047,0,76
math-what-is-58-0047,1,67
math-what-is-58-0047,2,66
math-what-is-58-0047,3,69
math-what-is-59-0048,0,78
math-what-is-59-0048,1,69
math-what-is-59-0048,2,71
math-what-is-59-0048,3,68
math-what-is-60-0049,0,70
math-what-is-60-0049,1,73
math-what-is-60-0049,2,80
math-what-is-60-0049,3,71
math-what-is-61-0050,0,73
math-what-is-61-0050,1,82
math-what-is-61-0050,2,72
math-what-is-61-0050,3,75
math-what-is-62-0051,0,84
math-what-is-62-0051,1,75
math-what-is-62-0051,2,77
math-what-is-62-0051,3,74
math-what-is-63-0052,0,79
math-what-is-63-0052,1,76
math-what-is-63-0052,2,77
math-what-is-63-0052,3,86
math-what-is-64-0053,0,81
math-what-is-64-0053,1,78
math-what-is-64-0053,2,79
math-what-is-64-0053,3,88
math-what-is-65-0054,0,80
math-what-is-65-0054,1,83
math-what-is-65-0054,2,81
math-what-is-65-0054,3,90
math-what-is-66-0055,0,82
math-what-is-66-0055,1,92
math-what-is-66-0055,2,83
math-what-is-66-0055,3,85
math-what-is-67-0056,0,85
math-what-is-67-0056,1,94
math-what-is-67-0056,2,87
math-what-is-67-0056,3,84
math-what-is-68-0057,0,96
math-what-is-68-0057,1,89
math-what-is-68-0057,2,87
math-what-is-68-0057,3,86
math-what-is-69-0058,0,98
math-what-is-69-0058,1,88
math-what-is-69-0058,2,91
math-what-is-69-0058,3,89
math-what-is-70-0059,0,79
math-what-is-70-0059,1,77
math-what-is-70-0059,2,86
math-what-is-70-0059,3,76
math-what-is-71-0060,0,79
math-what-is-71-0060,1,88
math-what-is-71-0060,2,81
math-what-is-71-0060,3,78
math-what-is-72-0061,0,90
math-what-is-72-0061,1,81
math-what-is-72-0061,2,80
math-what-is-72-0061,3,83
math-what-is-73-0062,0,82
math-what-is-73-0062,1,92
math-what-is-73-0062,2,85
math-what-is-73-0062,3,83
math-what-is-74-0063,0,85
math-what-is-74-0063,1,84
math-what-is-74-0063,2,94
math-what-is-74-0063,3,87
math-what-is-75-0064,0,89
math-what-is-75-0064,1,86
math-what-is-75-0064,2,96
math-what-is-75-0064,3,87
math-what-is-76-0065,0,89
math-what-is-76-0065,1,98
math-what-is-76-0065,2,91
math-what-is-76-0065,3,88
math-what-is-77-0066,0,100
math-what-is-77-0066,1,90
math-what-is-77-0066,2,93
math-what-is-77-0066,3,91
math-what-is-78-0067,0,93
math-what-is-78-0067,1,95
math-what-is-78-0067,2,102
math-what-is-78-0067,3,92
math-what-is-79-0068,0,104
math-what-is-79-0068,1,94
math-what-is-79-0068,2,97
math-what-is-79-0068,3,95
math-what-is-30-0069,0,17
math-what-is-30-0069,1,25
math-what-is-30-0069,2,18
math-what-is-30-0069,3,15
math-what-is-31-0070,0,25
math-what-is-31-0070,1,17
math-what-is-31-0070,2,15
math-what-is-31-0070,3,18
math-what-is-32-0071,0,15
math-what-is-32-0071,1,25
math-what-is-32-0071,2,18
math-what-is-32-0071,3,17
math-what-is-33-0072,0,28
math-what-is-33-0072,1,36
math-what-is-33-0072,2,26
math-what-is-33-0072,3,29
math-what-is-34-0073,0,36
math-what-is-34-0073,1,26
math-what-is-34-0073,2,28
math-what-is-34-0073,3,29
math-what-is-35-0074,0,28
math-what-is-35-0074,1,29
math-what-is-35-0074,2,26
math-what-is-35-0074,3,36
math-what-is-36-0075,0,29
math-what-is-36-0075,1,36
math-what-is-36-0075,2,26
math-what-is-36-0075,3,28
math-what-is-37-0076,0,36
math-what-is-37-0076,1,29
math-what-is-37-0076,2,26
math-what-is-37-0076,3,28
math-what-is-38-0077,0,36
math-what-is-38-0077,1,29
math-what-is-38-0077,2,28
math-what-is-38-0077,3,26
math-what-is-39-0078,0,29
math-what-is-39-0078,1,26
math-what-is-39-0078,2,28
math-what-is-39-0078,3,36
math-what-is-40-0079,0,28
math-what-is-40-0079,1,36
math-what-is-40-0079,2,26
math-what-is-40-0079,3,29
math-what-is-41-0080,0,28
math-what-is-41-0080,1,26
math-what-is-41-0080,2,29
math-what-is-41-0080,3,36
math-what-is-42-0081,0,36
math-what-is-42-0081,1,29
math-what-is-42-0081,2,28
math-what-is-42-0081,3,26
math-what-is-43-0082,0,26
math-what-is-43-0082,1,29
math-what-is-43-0082,2,36
math-what-is-43-0082,3,28
math-what-is-44-0083,0,39
math-what-is-44-0083,1,47
math-what-is-44-0083,2,37
math-what-is-44-0083,3,40
math-what-is-45-0084,0,40
math-what-is-45-0084,1,39
math-what-is-45-0084,2,47
math-what-is-45-0084,3,37
math-what-is-46-0085,0,37
math-what-is-46-0085,1,39
math-what-is-46-0085,2,40
math-what-is-46-0085,3,47
math-what-is-47-0086,0,39
math-what-is-47-0086,1,40
math-what-is-47-0086,2,47
math-what-is-47-0086,3,37
math-what-is-48-0087,0,37
math-what-is-48-0087,1,47
math-what-is-48-0087,2,40
math-what-is-48-0087,3,39
math-what-is-49-0088,0,47
math-what-is-49-0088,1,39
math-what-is-49-0088,2,37
math-what-is-49-0088,3,40
math-what-is-50-0089,0,37
math-what-is-50-0089,1,40
math-what-is-50-0089,2,47
math-what-is-50-0089,3,39
math-what-is-51-0090,0,37
math-what-is-51-0090,1,47
math-what-is-51-0090,2,39
math-what-is-51-0090,3,40
math-what-is-52-0091,0,47
math-what-is-52-0091,1,39
math-what-is-52-0091,2,40
math-what-is-52-0091,3,37
math-what-is-53-0092,0,47
math-what-is-53-0092,1,40
math-what-is-53-0092,2,37
math-what-is-53-0092,3,39
math-what-is-54-0093,0,37
math-what-is-54-0093,1,47
math-what-is-54-0093,2,39
math-what-is-54-0093,3,40
math-what-is-55-0094,0,50
math-what-is-55-0094,1,48
math-what-is-55-0094,2,51
math-what-is-55-0094,3,58
math-what-is-56-0095,0,48
math-what-is-56-0095,1,50
math-what-is-56-0095,2,58
math-what-is-56-0095,3,51
math-what-is-57-0096,0,50
math-what-is-57-0096,1,51
math-what-is-57-0096,2,48
math-what-is-57-0096,3,58
math-what-is-58-0097,0,51
math-what-is-58-0097,1,48
math-what-is-58-0097,2,50
math-what-is-58-0097,3,58
math-what-is-59-0098,0,48
math-what-is-59-0098,1,51
math-what-is-59-0098,2,58
math-what-is-59-0098,3,50
math-what-is-60-0099,0,48
math-what-is-60-0099,1,50
math-what-is-60-0099,2,51
math-what-is-60-0099,3,58
math-what-is-61-0100,0,58
math-what-is-61-0100,1,50
math-what-is-61-0100,2,51
math-what-is-61-0100,3,48
science-which-part-of-your-0001,0,Stomach
science-which-part-of-your-0001,1,Heart
science-which-part-of-your-0001,2,Lungs
science-which-part-of-your-0001,3,Liver
science-which-body-part-helps-0002,0,Wrist
science-which-body-part-helps-0002,1,Toes
science-which-body-part-helps-0002,2,Nose
science-which-body-part-helps-0002,3,Shoulder
science-which-plant-part-takes-0003,0,Roots
science-which-plant-part-takes-0003,1,Petals
science-which-plant-part-takes-0003,2,Leaves
science-which-plant-part-takes-0003,3,Fruit
science-what-do-plants-need-0004,0,Plastic
science-what-do-plants-need-0004,1,Metal
science-what-do-plants-need-0004,2,Sunlight
science-what-do-plants-need-0004,3,Sand
science-what-weather-often-has-0005,0,Dry season
science-what-weather-often-has-0005,1,Thunderstorm
science-what-weather-often-has-0005,2,Calm day
science-what-weather-often-has-0005,3,Heat wave
science-what-gas-do-people-0006,0,Chlorine
science-what-gas-do-people-0006,1,Oxygen
science-what-gas-do-people-0006,2,Gold
science-what-gas-do-people-0006,3,Sand
science-what-season-comes-after-0007,0,Summer
science-what-season-comes-after-0007,1,Winter
science-what-season-comes-after-0007,2,Monsoon
science-what-season-comes-after-0007,3,Autumn
science-which-tool-measures-temperature-0008,0,Scale
science-which-tool-measures-temperature-0008,1,Thermometer
science-which-tool-measures-temperature-0008,2,Ruler
science-which-tool-measures-temperature-0008,3,Compass
science-what-state-of-matter-0009,0,Plasma
science-what-state-of-matter-0009,1,Gas
science-what-state-of-matter-0009,2,Solid
science-what-state-of-matter-0009,3,Liquid
science-what-state-of-matter-0010,0,Plasma
science-what-state-of-matter-0010,1,Gas
science-what-state-of-matter-0010,2,Solid
science-what-state-of-matter-0010,3,Liquid
science-what-state-of-matter-0011,0,Gas
science-what-state-of-matter-0011,1,Plasma
science-what-state-of-matter-0011,2,Liquid
science-what-state-of-matter-0011,3,Solid
science-what-state-of-matter-0012,0,Liquid
science-what-state-of-matter-0012,1,Gas
science-what-state-of-matter-0012,2,Plasma
science-what-state-of-matter-0012,3,Solid
science-what-state-of-matter-0013,0,Liquid
science-what-state-of-matter-0013,1,Gas
science-what-state-of-matter-0013,2,Plasma
science-what-state-of-matter-0013,3,Solid
science-what-state-of-matter-0014,0,Plasma
science-what-state-of-matter-0014,1,Gas
science-what-state-of-matter-0014,2,Solid
science-what-state-of-matter-0014,3,Liquid
science-what-state-of-matter-0015,0,Gas
science-what-state-of-matter-0015,1,Solid
science-what-state-of-matter-0015,2,Plasma
science-what-state-of-matter-0015,3,Liquid
science-what-state-of-matter-0016,0,Gas
science-what-state-of-matter-0016,1,Plasma
science-what-state-of-matter-0016,2,Solid
science-what-state-of-matter-0016,3,Liquid
science-what-state-of-matter-0017,0,Gas
science-what-state-of-matter-0017,1,Solid
science-what-state-of-matter-0017,2,Liquid
science-what-state-of-matter-0017,3,Plasma
science-what-state-of-matter-0018,0,Liquid
science-what-state-of-matter-0018,1,Gas
science-what-state-of-matter-0018,2,Plasma
science-what-state-of-matter-0018,3,Solid
science-what-state-of-matter-0019,0,Solid
science-what-state-of-matter-0019,1,Gas
science-what-state-of-matter-0019,2,Liquid
science-what-state-of-matter-0019,3,Plasma
science-what-state-of-matter-0020,0,Liquid
science-what-state-of-matter-0020,1,Solid
science-what-state-of-matter-0020,2,Plasma
science-what-state-of-matter-0020,3,Gas
science-what-state-of-matter-0021,0,Solid
science-what-state-of-matter-0021,1,Gas
science-what-state-of-matter-0021,2,Liquid
science-what-state-of-matter-0021,3,Plasma
science-what-state-of-matter-0022,0,Gas
science-what-state-of-matter-0022,1,Plasma
science-what-state-of-matter-0022,2,Liquid
science-what-state-of-matter-0022,3,Solid
science-what-state-of-matter-0023,0,Gas
science-what-state-of-matter-0023,1,Plasma
science-what-state-of-matter-0023,2,Solid
science-what-state-of-matter-0023,3,Liquid
science-what-state-of-matter-0024,0,Liquid
science-what-state-of-matter-0024,1,Plasma
science-what-state-of-matter-0024,2,Gas
science-what-state-of-matter-0024,3,Solid
science-what-state-of-matter-0025,0,Gas
science-what-state-of-matter-0025,1,Plasma
science-what-state-of-matter-0025,2,Solid
science-what-state-of-matter-0025,3,Liquid
science-what-state-of-matter-0026,0,Gas
science-what-state-of-matter-0026,1,Plasma
science-what-state-of-matter-0026,2,Liquid
science-what-state-of-matter-0026,3,Solid
science-what-state-of-matter-0027,0,Plasma
science-what-state-of-matter-0027,1,Liquid
science-what-state-of-matter-0027,2,Solid
science-what-state-of-matter-0027,3,Gas
science-what-state-of-matter-0028,0,Liquid
science-what-state-of-matter-0028,1,Solid
science-what-state-of-matter-0028,2,Plasma
science-what-state-of-matter-0028,3,Gas
science-what-state-of-matter-0029,0,Solid
science-what-state-of-matter-0029,1,Plasma
science-what-state-of-matter-0029,2,Liquid
science-what-state-of-matter-0029,3,Gas
science-what-state-of-matter-0030,0,Plasma
science-what-state-of-matter-0030,1,Solid
science-what-state-of-matter-0030,2,Liquid
science-what-state-of-matter-0030,3,Gas
science-what-state-of-matter-0031,0,Solid
science-what-state-of-matter-0031,1,Plasma
science-what-state-of-matter-0031,2,Liquid
science-what-state-of-matter-0031,3,Gas
science-what-state-of-matter-0032,0,Plasma
science-what-state-of-matter-0032,1,Solid
science-what-state-of-matter-0032,2,Liquid
science-what-state-of-matter-0032,3,Gas
science-what-state-of-matter-0033,0,Plasma
science-what-state-of-matter-0033,1,Liquid
science-what-state-of-matter-0033,2,Solid
science-what-state-of-matter-0033,3,Gas
science-what-state-of-matter-0034,0,Solid
science-what-state-of-matter-0034,1,Plasma
science-what-state-of-matter-0034,2,Gas
science-what-state-of-matter-0034,3,Liquid
science-what-state-of-matter-0035,0,Liquid
science-what-state-of-matter-0035,1,Gas
science-what-state-of-matter-0035,2,Solid
science-what-state-of-matter-0035,3,Plasma
science-what-state-of-matter-0036,0,Solid
science-what-state-of-matter-0036,1,Gas
science-what-state-of-matter-0036,2,Plasma
science-what-state-of-matter-0036,3,Liquid
science-what-state-of-matter-0037,0,Solid
science-what-state-of-matter-0037,1,Gas
science-what-state-of-matter-0037,2,Plasma
science-what-state-of-matter-0037,3,Liquid
science-what-state-of-matter-0038,0,Liquid
science-what-state-of-matter-0038,1,Gas
science-what-state-of-matter-0038,2,Solid
science-what-state-of-matter-0038,3,Plasma
science-what-state-of-matter-0039,0,Liquid
science-what-state-of-matter-0039,1,Gas
science-what-state-of-matter-0039,2,Plasma
science-what-state-of-matter-0039,3,Solid
science-what-state-of-matter-0040,0,Gas
science-what-state-of-matter-0040,1,Liquid
science-what-state-of-matter-0040,2,Plasma
science-what-state-of-matter-0040,3,Solid
science-what-state-of-matter-0041,0,Gas
science-what-state-of-matter-0041,1,Solid
science-what-state-of-matter-0041,2,Liquid
science-what-state-of-matter-0041,3,Plasma
science-what-state-of-matter-0042,0,Gas
science-what-state-of-matter-0042,1,Solid
science-what-state-of-matter-0042,2,Plasma
science-what-state-of-matter-0042,3,Liquid
science-what-state-of-matter-0043,0,Plasma
science-what-state-of-matter-0043,1,Solid
science-what-state-of-matter-0043,2,Liquid
science-what-state-of-matter-0043,3,Gas
science-what-state-of-matter-0044,0,Gas
science-what-state-of-matter-0044,1,Solid
science-what-state-of-matter-0044,2,Plasma
science-what-state-of-matter-0044,3,Liquid
science-which-sense-helps-you-0045,0,Eyes
science-which-sense-helps-you-0045,1,Nose
science-which-sense-helps-you-0045,2,Tongue
science-which-sense-helps-you-0045,3,Ears
science-which-sense-helps-you-0046,0,Eyes
science-which-sense-helps-you-0046,1,Ears
science-which-sense-helps-you-0046,2,Nose
science-which-sense-helps-you-0046,3,Tongue
science-which-sense-helps-you-0047,0,Ears
science-which-sense-helps-you-0047,1,Tongue
science-which-sense-helps-you-0047,2,Nose
science-which-sense-helps-you-0047,3,Eyes
science-which-sense-helps-you-0048,0,Nose
science-which-sense-helps-you-0048,1,Tongue
science-which-sense-helps-you-0048,2,Ears
science-which-sense-helps-you-0048,3,Eyes
science-which-sense-helps-you-0049,0,Ears
science-which-sense-helps-you-0049,1,Skin
science-which-sense-helps-you-0049,2,Nose
science-which-sense-helps-you-0049,3,Eyes
science-which-sense-helps-you-0050,0,Nose
science-which-sense-helps-you-0050,1,Ears
science-which-sense-helps-you-0050,2,Tongue
science-which-sense-helps-you-0050,3,Eyes
science-which-sense-helps-you-0051,0,Tongue
science-which-sense-helps-you-0051,1,Nose
science-which-sense-helps-you-0051,2,Eyes
science-which-sense-helps-you-0051,3,Ears
science-which-sense-helps-you-0052,0,Nose
science-which-sense-helps-you-0052,1,Eyes
science-which-sense-helps-you-0052,2,Tongue
science-which-sense-helps-you-0052,3,Ears
science-which-sense-helps-you-0053,0,Ears
science-which-sense-helps-you-0053,1,Nose
science-which-sense-helps-you-0053,2,Tongue
science-which-sense-helps-you-0053,3,Eyes
science-which-sense-helps-you-0054,0,Ears
science-which-sense-helps-you-0054,1,Nose
science-which-sense-helps-you-0054,2,Eyes
science-which-sense-helps-you-0054,3,Skin
science-what-number-planet-from-0055,0,1
science-what-number-planet-from-0055,1,3
science-what-number-planet-from-0055,2,2
science-what-number-planet-from-0055,3,4
science-what-number-planet-from-0056,0,6
science-what-number-planet-from-0056,1,4
science-what-number-planet-from-0056,2,7
science-what-number-planet-from-0056,3,5
science-what-number-planet-from-0057,0,6
science-what-number-planet-from-0057,1,4
science-what-number-planet-from-0057,2,8
science-what-number-planet-from-0057,3,7
science-what-number-planet-from-0058,0,1
science-what-number-planet-from-0058,1,8
science-what-number-planet-from-0058,2,4
science-what-number-planet-from-0058,3,7
science-is-sunlight-renewable-or-0059,0,Nonrenewable
science-is-sunlight-renewable-or-0059,1,Renewable
science-is-sunlight-renewable-or-0059,2,Chemical
science-is-sunlight-renewable-or-0059,3,Mechanical
science-is-wind-renewable-or-0060,0,Mechanical
science-is-wind-renewable-or-0060,1,Nonrenewable
science-is-wind-renewable-or-0060,2,Renewable
science-is-wind-renewable-or-0060,3,Chemical
science-is-moving-water-renewable-0061,0,Renewable
science-is-moving-water-renewable-0061,1,Mechanical
science-is-moving-water-renewable-0061,2,Nonrenewable
science-is-moving-water-renewable-0061,3,Chemical
science-is-coal-renewable-or-0062,0,Chemical
science-is-coal-renewable-or-0062,1,Nonrenewable
science-is-coal-renewable-or-0062,2,Mechanical
science-is-coal-renewable-or-0062,3,Renewable
science-is-oil-renewable-or-0063,0,Renewable
science-is-oil-renewable-or-0063,1,Mechanical
science-is-oil-renewable-or-0063,2,Chemical
science-is-oil-renewable-or-0063,3,Nonrenewable
science-is-natural-gas-renewable-0064,0,Chemical
science-is-natural-gas-renewable-0064,1,Renewable
science-is-natural-gas-renewable-0064,2,Nonrenewable
science-is-natural-gas-renewable-0064,3,Mechanical
science-is-solar-power-renewable-0065,0,Mechanical
science-is-solar-power-renewable-0065,1,Renewable
science-is-solar-power-renewable-0065,2,Nonrenewable
science-is-solar-power-renewable-0065,3,Chemical
science-is-geothermal-heat-renewable-0066,0,Nonrenewable
science-is-geothermal-heat-renewable-0066,1,Mechanical
science-is-geothermal-heat-renewable-0066,2,Renewable
science-is-geothermal-heat-renewable-0066,3,Chemical
science-is-propane-renewable-or-0067,0,Renewable
science-is-propane-renewable-or-0067,1,Chemical
science-is-propane-renewable-or-0067,2,Nonrenewable
science-is-propane-renewable-or-0067,3,Mechanical
science-is-gasoline-renewable-or-0068,0,Renewable
science-is-gasoline-renewable-or-0068,1,Nonrenewable
science-is-gasoline-renewable-or-0068,2,Chemical
science-is-gasoline-renewable-or-0068,3,Mechanical
science-is-hydroelectric-power-renewable-0069,0,Mechanical
science-is-hydroelectric-power-renewable-0069,1,Nonrenewable
science-is-hydroelectric-power-renewable-0069,2,Chemical
science-is-hydroelectric-power-renewable-0069,3,Renewable
science-is-biomass-renewable-or-0070,0,Mechanical
science-is-biomass-renewable-or-0070,1,Chemical
science-is-biomass-renewable-or-0070,2,Nonrenewable
science-is-biomass-renewable-or-0070,3,Renewable
science-science-check-2-what-0071,0,2
science-science-check-2-what-0071,1,1
science-science-check-2-what-0071,2,3
science-science-check-2-what-0071,3,4
science-science-check-6-what-0072,0,6
science-science-check-6-what-0072,1,5
science-science-check-6-what-0072,2,7
science-science-check-6-what-0072,3,4
science-science-check-7-what-0073,0,7
science-science-check-7-what-0073,1,6
science-science-check-7-what-0073,2,8
science-science-check-7-what-0073,3,4
science-science-check-10-what-0074,0,2
science-science-check-10-what-0074,1,1
science-science-check-10-what-0074,2,3
science-science-check-10-what-0074,3,4
science-science-check-14-what-0075,0,6
science-science-check-14-what-0075,1,5
science-science-check-14-what-0075,2,7
science-science-check-14-what-0075,3,4
science-science-check-15-what-0076,0,7
science-science-check-15-what-0076,1,6
science-science-check-15-what-0076,2,8
science-science-check-15-what-0076,3,4
science-science-check-18-what-0077,0,2
science-science-check-18-what-0077,1,1
science-science-check-18-what-0077,2,3
science-science-check-18-what-0077,3,4
science-science-check-22-what-0078,0,6
science-science-check-22-what-0078,1,5
science-science-check-22-what-0078,2,7
science-science-check-22-what-0078,3,4
science-science-check-23-what-0079,0,7
science-science-check-23-what-0079,1,6
science-science-check-23-what-0079,2,8
science-science-check-23-what-0079,3,4
science-science-check-26-what-0080,0,2
science-science-check-26-what-0080,1,1
science-science-check-26-what-0080,2,3
science-science-check-26-what-0080,3,4
science-science-check-30-what-0081,0,6
science-science-check-30-what-0081,1,5
science-science-check-30-what-0081,2,7
science-science-check-30-what-0081,3,4
science-science-check-31-what-0082,0,7
science-science-check-31-what-0082,1,6
science-science-check-31-what-0082,2,8
science-science-check-31-what-0082,3,4
science-science-check-34-what-0083,0,2
science-science-check-34-what-0083,1,1
science-science-check-34-what-0083,2,3
science-science-check-34-what-0083,3,4
science-science-check-38-what-0084,0,6
science-science-check-38-what-0084,1,5
science-science-check-38-what-0084,2,7
science-science-check-38-what-0084,3,4
science-science-check-39-what-0085,0,7
science-science-check-39-what-0085,1,6
science-science-check-39-what-0085,2,8
science-science-check-39-what-0085,3,4
science-science-check-42-what-0086,0,2
science-science-check-42-what-0086,1,1
science-science-check-42-what-0086,2,3
science-science-check-42-what-0086,3,4
science-science-check-46-what-0087,0,6
science-science-check-46-what-0087,1,5
science-science-check-46-what-0087,2,7
science-science-check-46-what-0087,3,4
science-science-check-47-what-0088,0,7
science-science-check-47-what-0088,1,6
science-science-check-47-what-0088,2,8
science-science-check-47-what-0088,3,4
science-science-check-50-what-0089,0,2
science-science-check-50-what-0089,1,1
science-science-check-50-what-0089,2,3
science-science-check-50-what-0089,3,4
science-science-check-54-what-0090,0,6
science-science-check-54-what-0090,1,5
science-science-check-54-what-0090,2,7
science-science-check-54-what-0090,3,4
science-science-check-55-what-0091,0,7
science-science-check-55-what-0091,1,6
science-science-check-55-what-0091,2,8
science-science-check-55-what-0091,3,4
science-science-check-58-what-0092,0,2
science-science-check-58-what-0092,1,1
science-science-check-58-what-0092,2,3
science-science-check-58-what-0092,3,4
science-science-check-62-what-0093,0,6
science-science-check-62-what-0093,1,5
science-science-check-62-what-0093,2,7
science-science-check-62-what-0093,3,4
science-science-check-63-what-0094,0,7
science-science-check-63-what-0094,1,6
science-science-check-63-what-0094,2,8
science-science-check-63-what-0094,3,4
science-science-check-66-what-0095,0,2
science-science-check-66-what-0095,1,1
science-science-check-66-what-0095,2,3
science-science-check-66-what-0095,3,4
science-science-check-70-what-0096,0,6
science-science-check-70-what-0096,1,5
science-science-check-70-what-0096,2,7
science-science-check-70-what-0096,3,4
science-science-check-71-what-0097,0,7
science-science-check-71-what-0097,1,6
science-science-check-71-what-0097,2,8
science-science-check-71-what-0097,3,4
science-science-check-74-what-0098,0,2
science-science-check-74-what-0098,1,1
science-science-check-74-what-0098,2,3
science-science-check-74-what-0098,3,4
science-science-check-78-what-0099,0,6
science-science-check-78-what-0099,1,5
science-science-check-78-what-0099,2,7
science-science-check-78-what-0099,3,4
science-science-check-79-what-0100,0,7
science-science-check-79-what-0100,1,6
science-science-check-79-what-0100,2,8
science-science-check-79-what-0100,3,4
geography-what-is-the-capital-0001,0,Paris
geography-what-is-the-capital-0001,1,Tokyo
geography-what-is-the-capital-0001,2,Brasilia
geography-what-is-the-capital-0001,3,Ottawa
geography-paris-is-the-capital-0002,0,Brazil
geography-paris-is-the-capital-0002,1,Japan
geography-paris-is-the-capital-0002,2,Canada
geography-paris-is-the-capital-0002,3,France
geography-what-is-the-capital-0003,0,Tokyo
geography-what-is-the-capital-0003,1,Brasilia
geography-what-is-the-capital-0003,2,Paris
geography-what-is-the-capital-0003,3,Ottawa
geography-tokyo-is-the-capital-0004,0,Brazil
geography-tokyo-is-the-capital-0004,1,Canada
geography-tokyo-is-the-capital-0004,2,France
geography-tokyo-is-the-capital-0004,3,Japan
geography-what-is-the-capital-0005,0,Paris
geography-what-is-the-capital-0005,1,Ottawa
geography-what-is-the-capital-0005,2,Tokyo
geography-what-is-the-capital-0005,3,Brasilia
geography-ottawa-is-the-capital-0006,0,Canada
geography-ottawa-is-the-capital-0006,1,Brazil
geography-ottawa-is-the-capital-0006,2,Japan
geography-ottawa-is-the-capital-0006,3,France
geography-what-is-the-capital-0007,0,Ottawa
geography-what-is-the-capital-0007,1,Paris
geography-what-is-the-capital-0007,2,Brasilia
geography-what-is-the-capital-0007,3,Tokyo
geography-brasilia-is-the-capital-0008,0,France
geography-brasilia-is-the-capital-0008,1,Japan
geography-brasilia-is-the-capital-0008,2,Brazil
geography-brasilia-is-the-capital-0008,3,Canada
geography-what-is-the-capital-0009,0,Paris
geography-what-is-the-capital-0009,1,Tokyo
geography-what-is-the-capital-0009,2,Canberra
geography-what-is-the-capital-0009,3,Ottawa
geography-canberra-is-the-capital-0010,0,Canada
geography-canberra-is-the-capital-0010,1,Japan
geography-canberra-is-the-capital-0010,2,Australia
geography-canberra-is-the-capital-0010,3,France
geography-what-is-the-capital-0011,0,Paris
geography-what-is-the-capital-0011,1,Ottawa
geography-what-is-the-capital-0011,2,Tokyo
geography-what-is-the-capital-0011,3,New Delhi
geography-new-delhi-is-the-0012,0,Canada
geography-new-delhi-is-the-0012,1,India
geography-new-delhi-is-the-0012,2,Japan
geography-new-delhi-is-the-0012,3,France
geography-what-is-the-capital-0013,0,Tokyo
geography-what-is-the-capital-0013,1,Cairo
geography-what-is-the-capital-0013,2,Paris
geography-what-is-the-capital-0013,3,Ottawa
geography-cairo-is-the-capital-0014,0,Egypt
geography-cairo-is-the-capital-0014,1,France
geography-cairo-is-the-capital-0014,2,Japan
geography-cairo-is-the-capital-0014,3,Canada
geography-what-is-the-capital-0015,0,Paris
geography-what-is-the-capital-0015,1,Ottawa
geography-what-is-the-capital-0015,2,Tokyo
geography-what-is-the-capital-0015,3,Nairobi
geography-nairobi-is-the-capital-0016,0,Japan
geography-nairobi-is-the-capital-0016,1,France
geography-nairobi-is-the-capital-0016,2,Kenya
geography-nairobi-is-the-capital-0016,3,Canada
geography-what-is-the-capital-0017,0,Paris
geography-what-is-the-capital-0017,1,Ottawa
geography-what-is-the-capital-0017,2,Mexico City
geography-what-is-the-capital-0017,3,Tokyo
geography-mexico-city-is-the-0018,0,Japan
geography-mexico-city-is-the-0018,1,Canada
geography-mexico-city-is-the-0018,2,Mexico
geography-mexico-city-is-the-0018,3,France
geography-what-is-the-capital-0019,0,Tokyo
geography-what-is-the-capital-0019,1,Madrid
geography-what-is-the-capital-0019,2,Paris
geography-what-is-the-capital-0019,3,Ottawa
geography-madrid-is-the-capital-0020,0,Spain
geography-madrid-is-the-capital-0020,1,France
geography-madrid-is-the-capital-0020,2,Japan
geography-madrid-is-the-capital-0020,3,Canada
geography-what-is-the-capital-0021,0,Rome
geography-what-is-the-capital-0021,1,Tokyo
geography-what-is-the-capital-0021,2,Ottawa
geography-what-is-the-capital-0021,3,Paris
geography-rome-is-the-capital-0022,0,Canada
geography-rome-is-the-capital-0022,1,Italy
geography-rome-is-the-capital-0022,2,France
geography-rome-is-the-capital-0022,3,Japan
geography-what-is-the-capital-0023,0,Ottawa
geography-what-is-the-capital-0023,1,Tokyo
geography-what-is-the-capital-0023,2,Paris
geography-what-is-the-capital-0023,3,Oslo
geography-oslo-is-the-capital-0024,0,Norway
geography-oslo-is-the-capital-0024,1,Japan
geography-oslo-is-the-capital-0024,2,France
geography-oslo-is-the-capital-0024,3,Canada
geography-what-is-the-capital-0025,0,Tokyo
geography-what-is-the-capital-0025,1,Ottawa
geography-what-is-the-capital-0025,2,Stockholm
geography-what-is-the-capital-0025,3,Paris
geography-stockholm-is-the-capital-0026,0,Canada
geography-stockholm-is-the-capital-0026,1,France
geography-stockholm-is-the-capital-0026,2,Sweden
geography-stockholm-is-the-capital-0026,3,Japan
geography-what-is-the-capital-0027,0,Ottawa
geography-what-is-the-capital-0027,1,Helsinki
geography-what-is-the-capital-0027,2,Tokyo
geography-what-is-the-capital-0027,3,Paris
geography-helsinki-is-the-capital-0028,0,France
geography-helsinki-is-the-capital-0028,1,Canada
geography-helsinki-is-the-capital-0028,2,Finland
geography-helsinki-is-the-capital-0028,3,Japan
geography-what-is-the-capital-0029,0,Paris
geography-what-is-the-capital-0029,1,Tokyo
geography-what-is-the-capital-0029,2,Ottawa
geography-what-is-the-capital-0029,3,Athens
geography-athens-is-the-capital-0030,0,Greece
geography-athens-is-the-capital-0030,1,Canada
geography-athens-is-the-capital-0030,2,Japan
geography-athens-is-the-capital-0030,3,France
geography-what-is-the-capital-0031,0,Tokyo
geography-what-is-the-capital-0031,1,Paris
geography-what-is-the-capital-0031,2,Ottawa
geography-what-is-the-capital-0031,3,Buenos Aires
geography-buenos-aires-is-the-0032,0,Argentina
geography-buenos-aires-is-the-0032,1,France
geography-buenos-aires-is-the-0032,2,Japan
geography-buenos-aires-is-the-0032,3,Canada
geography-what-is-the-capital-0033,0,Ottawa
geography-what-is-the-capital-0033,1,Paris
geography-what-is-the-capital-0033,2,Tokyo
geography-what-is-the-capital-0033,3,Santiago
geography-santiago-is-the-capital-0034,0,Canada
geography-santiago-is-the-capital-0034,1,Chile
geography-santiago-is-the-capital-0034,2,Japan
geography-santiago-is-the-capital-0034,3,France
geography-what-is-the-capital-0035,0,Paris
geography-what-is-the-capital-0035,1,Tokyo
geography-what-is-the-capital-0035,2,Lima
geography-what-is-the-capital-0035,3,Ottawa
geography-lima-is-the-capital-0036,0,France
geography-lima-is-the-capital-0036,1,Japan
geography-lima-is-the-capital-0036,2,Peru
geography-lima-is-the-capital-0036,3,Canada
geography-what-is-the-capital-0037,0,Paris
geography-what-is-the-capital-0037,1,Ottawa
geography-what-is-the-capital-0037,2,Tokyo
geography-what-is-the-capital-0037,3,Seoul
geography-seoul-is-the-capital-0038,0,South Korea
geography-seoul-is-the-capital-0038,1,Japan
geography-seoul-is-the-capital-0038,2,France
geography-seoul-is-the-capital-0038,3,Canada
geography-what-is-the-capital-0039,0,Bangkok
geography-what-is-the-capital-0039,1,Paris
geography-what-is-the-capital-0039,2,Ottawa
geography-what-is-the-capital-0039,3,Tokyo
geography-bangkok-is-the-capital-0040,0,France
geography-bangkok-is-the-capital-0040,1,Thailand
geography-bangkok-is-the-capital-0040,2,Japan
geography-bangkok-is-the-capital-0040,3,Canada
geography-what-is-the-capital-0041,0,Paris
geography-what-is-the-capital-0041,1,Ankara
geography-what-is-the-capital-0041,2,Ottawa
geography-what-is-the-capital-0041,3,Tokyo
geography-ankara-is-the-capital-0042,0,Turkey
geography-ankara-is-the-capital-0042,1,Canada
geography-ankara-is-the-capital-0042,2,France
geography-ankara-is-the-capital-0042,3,Japan
geography-what-is-the-capital-0043,0,Tokyo
geography-what-is-the-capital-0043,1,Abuja
geography-what-is-the-capital-0043,2,Ottawa
geography-what-is-the-capital-0043,3,Paris
geography-abuja-is-the-capital-0044,0,Japan
geography-abuja-is-the-capital-0044,1,Canada
geography-abuja-is-the-capital-0044,2,France
geography-abuja-is-the-capital-0044,3,Nigeria
geography-what-is-the-capital-0045,0,Tokyo
geography-what-is-the-capital-0045,1,Paris
geography-what-is-the-capital-0045,2,Pretoria
geography-what-is-the-capital-0045,3,Ottawa
geography-pretoria-is-the-capital-0046,0,Canada
geography-pretoria-is-the-capital-0046,1,Japan
geography-pretoria-is-the-capital-0046,2,France
geography-pretoria-is-the-capital-0046,3,South Africa
geography-what-is-the-capital-0047,0,Paris
geography-what-is-the-capital-0047,1,Jakarta
geography-what-is-the-capital-0047,2,Ottawa
geography-what-is-the-capital-0047,3,Tokyo
geography-jakarta-is-the-capital-0048,0,France
geography-jakarta-is-the-capital-0048,1,Canada
geography-jakarta-is-the-capital-0048,2,Indonesia
geography-jakarta-is-the-capital-0048,3,Japan
geography-what-is-the-capital-0049,0,Ottawa
geography-what-is-the-capital-0049,1,Hanoi
geography-what-is-the-capital-0049,2,Tokyo
geography-what-is-the-capital-0049,3,Paris
geography-hanoi-is-the-capital-0050,0,Vietnam
geography-hanoi-is-the-capital-0050,1,Canada
geography-hanoi-is-the-capital-0050,2,France
geography-hanoi-is-the-capital-0050,3,Japan
geography-what-is-the-capital-0051,0,Tokyo
geography-what-is-the-capital-0051,1,Ottawa
geography-what-is-the-capital-0051,2,Paris
geography-what-is-the-capital-0051,3,Wellington
geography-wellington-is-the-capital-0052,0,Canada
geography-wellington-is-the-capital-0052,1,Japan
geography-wellington-is-the-capital-0052,2,France
geography-wellington-is-the-capital-0052,3,New Zealand
geography-what-is-the-capital-0053,0,Ottawa
geography-what-is-the-capital-0053,1,Lisbon
geography-what-is-the-capital-0053,2,Tokyo
geography-what-is-the-capital-0053,3,Paris
geography-lisbon-is-the-capital-0054,0,France
geography-lisbon-is-the-capital-0054,1,Japan
geography-lisbon-is-the-capital-0054,2,Canada
geography-lisbon-is-the-capital-0054,3,Portugal
geography-what-is-the-capital-0055,0,Paris
geography-what-is-the-capital-0055,1,Warsaw
geography-what-is-the-capital-0055,2,Tokyo
geography-what-is-the-capital-0055,3,Ottawa
geography-warsaw-is-the-capital-0056,0,Poland
geography-warsaw-is-the-capital-0056,1,Canada
geography-warsaw-is-the-capital-0056,2,France
geography-warsaw-is-the-capital-0056,3,Japan
geography-what-is-the-capital-0057,0,Tokyo
geography-what-is-the-capital-0057,1,Paris
geography-what-is-the-capital-0057,2,Ottawa
geography-what-is-the-capital-0057,3,Dublin
geography-dublin-is-the-capital-0058,0,Japan
geography-dublin-is-the-capital-0058,1,Ireland
geography-dublin-is-the-capital-0058,2,France
geography-dublin-is-the-capital-0058,3,Canada
geography-what-is-the-capital-0059,0,Ottawa
geography-what-is-the-capital-0059,1,Paris
geography-what-is-the-capital-0059,2,Tokyo
geography-what-is-the-capital-0059,3,Rabat
geography-rabat-is-the-capital-0060,0,Canada
geography-rabat-is-the-capital-0060,1,France
geography-rabat-is-the-capital-0060,2,Japan
geography-rabat-is-the-capital-0060,3,Morocco
geography-on-which-continent-is-0061,0,Europe
geography-on-which-continent-is-0061,1,Africa
geography-on-which-continent-is-0061,2,Asia
geography-on-which-continent-is-0061,3,South America
geography-on-which-continent-is-0062,0,Africa
geography-on-which-continent-is-0062,1,Asia
geography-on-which-continent-is-0062,2,Europe
geography-on-which-continent-is-0062,3,South America
geography-on-which-continent-is-0063,0,Asia
geography-on-which-continent-is-0063,1,Africa
geography-on-which-continent-is-0063,2,Europe
geography-on-which-continent-is-0063,3,South America
geography-on-which-continent-is-0064,0,Africa
geography-on-which-continent-is-0064,1,Asia
geography-on-which-continent-is-0064,2,Europe
geography-on-which-continent-is-0064,3,South America
geography-on-which-continent-is-0065,0,Africa
geography-on-which-continent-is-0065,1,South America
geography-on-which-continent-is-0065,2,Europe
geography-on-which-continent-is-0065,3,Asia
geography-on-which-continent-is-0066,0,Asia
geography-on-which-continent-is-0066,1,South America
geography-on-which-continent-is-0066,2,Africa
geography-on-which-continent-is-0066,3,Europe
geography-on-which-continent-is-0067,0,Africa
geography-on-which-continent-is-0067,1,Asia
geography-on-which-continent-is-0067,2,South America
geography-on-which-continent-is-0067,3,Europe
geography-on-which-continent-is-0068,0,Asia
geography-on-which-continent-is-0068,1,Africa
geography-on-which-continent-is-0068,2,South America
geography-on-which-continent-is-0068,3,Europe
geography-on-which-continent-is-0069,0,Asia
geography-on-which-continent-is-0069,1,South America
geography-on-which-continent-is-0069,2,Africa
geography-on-which-continent-is-0069,3,Europe
geography-on-which-continent-is-0070,0,South America
geography-on-which-continent-is-0070,1,Europe
geography-on-which-continent-is-0070,2,Africa
geography-on-which-continent-is-0070,3,Asia
geography-on-which-continent-is-0071,0,Asia
geography-on-which-continent-is-0071,1,Europe
geography-on-which-continent-is-0071,2,South America
geography-on-which-continent-is-0071,3,Africa
geography-on-which-continent-is-0072,0,Asia
geography-on-which-continent-is-0072,1,South America
geography-on-which-continent-is-0072,2,Europe
geography-on-which-continent-is-0072,3,Africa
geography-on-which-continent-is-0073,0,Africa
geography-on-which-continent-is-0073,1,Asia
geography-on-which-continent-is-0073,2,South America
geography-on-which-continent-is-0073,3,Europe
geography-on-which-continent-is-0074,0,Africa
geography-on-which-continent-is-0074,1,South America
geography-on-which-continent-is-0074,2,Europe
geography-on-which-continent-is-0074,3,Asia
geography-on-which-continent-is-0075,0,South America
geography-on-which-continent-is-0075,1,Asia
geography-on-which-continent-is-0075,2,Africa
geography-on-which-continent-is-0075,3,Europe
geography-on-which-continent-is-0076,0,South America
geography-on-which-continent-is-0076,1,Europe
geography-on-which-continent-is-0076,2,Asia
geography-on-which-continent-is-0076,3,Africa
geography-on-which-continent-is-0077,0,Europe
geography-on-which-continent-is-0077,1,Asia
geography-on-which-continent-is-0077,2,Africa
geography-on-which-continent-is-0077,3,South America
geography-on-which-continent-is-0078,0,Europe
geography-on-which-continent-is-0078,1,Africa
geography-on-which-continent-is-0078,2,Asia
geography-on-which-continent-is-0078,3,South America
geography-on-which-continent-is-0079,0,Asia
geography-on-which-continent-is-0079,1,South America
geography-on-which-continent-is-0079,2,Africa
geography-on-which-continent-is-0079,3,Europe
geography-on-which-continent-is-0080,0,Asia
geography-on-which-continent-is-0080,1,Europe
geography-on-which-continent-is-0080,2,South America
geography-on-which-continent-is-0080,3,Africa
geography-on-which-continent-is-0081,0,Asia
geography-on-which-continent-is-0081,1,Europe
geography-on-which-continent-is-0081,2,South America
geography-on-which-continent-is-0081,3,Africa
geography-on-which-continent-is-0082,0,Asia
geography-on-which-continent-is-0082,1,Africa
geography-on-which-continent-is-0082,2,South America
geography-on-which-continent-is-0082,3,Europe
geography-on-which-continent-is-0083,0,Asia
geography-on-which-continent-is-0083,1,Africa
geography-on-which-continent-is-0083,2,Europe
geography-on-which-continent-is-0083,3,South America
geography-on-which-continent-is-0084,0,South America
geography-on-which-continent-is-0084,1,Asia
geography-on-which-continent-is-0084,2,Africa
geography-on-which-continent-is-0084,3,Europe
geography-on-which-continent-is-0085,0,Europe
geography-on-which-continent-is-0085,1,North America
geography-on-which-continent-is-0085,2,Asia
geography-on-which-continent-is-0085,3,Africa
geography-on-which-continent-is-0086,0,Africa
geography-on-which-continent-is-0086,1,Asia
geography-on-which-continent-is-0086,2,North America
geography-on-which-continent-is-0086,3,Europe
geography-on-which-continent-is-0087,0,Africa
geography-on-which-continent-is-0087,1,North America
geography-on-which-continent-is-0087,2,Asia
geography-on-which-continent-is-0087,3,Europe
geography-on-which-continent-is-0088,0,Africa
geography-on-which-continent-is-0088,1,North America
geography-on-which-continent-is-0088,2,Asia
geography-on-which-continent-is-0088,3,Europe
geography-on-which-continent-is-0089,0,Asia
geography-on-which-continent-is-0089,1,Africa
geography-on-which-continent-is-0089,2,North America
geography-on-which-continent-is-0089,3,Europe
geography-on-which-continent-is-0090,0,North America
geography-on-which-continent-is-0090,1,Africa
geography-on-which-continent-is-0090,2,Europe
geography-on-which-continent-is-0090,3,Asia
geography-on-which-continent-is-0091,0,Asia
geography-on-which-continent-is-0091,1,Oceania
geography-on-which-continent-is-0091,2,Europe
geography-on-which-continent-is-0091,3,Africa
geography-on-which-continent-is-0092,0,Europe
geography-on-which-continent-is-0092,1,Asia
geography-on-which-continent-is-0092,2,Africa
geography-on-which-continent-is-0092,3,Oceania
geography-on-which-continent-is-0093,0,Oceania
geography-on-which-continent-is-0093,1,Africa
geography-on-which-continent-is-0093,2,Asia
geography-on-which-continent-is-0093,3,Europe
geography-on-which-continent-is-0094,0,Africa
geography-on-which-continent-is-0094,1,Oceania
geography-on-which-continent-is-0094,2,Europe
geography-on-which-continent-is-0094,3,Asia
geography-on-which-continent-is-0095,0,Asia
geography-on-which-continent-is-0095,1,Oceania
geography-on-which-continent-is-0095,2,Europe
geography-on-which-continent-is-0095,3,Africa
geography-on-which-continent-is-0096,0,Africa
geography-on-which-continent-is-0096,1,Asia
geography-on-which-continent-is-0096,2,Oceania
geography-on-which-continent-is-0096,3,Europe
geography-if-you-move-up-0097,0,South
geography-if-you-move-up-0097,1,East
geography-if-you-move-up-0097,2,West
geography-if-you-move-up-0097,3,North
geography-if-the-sun-rises-0098,0,North
geography-if-the-sun-rises-0098,1,East
geography-if-the-sun-rises-0098,2,South
geography-if-the-sun-rises-0098,3,West
geography-if-the-sun-sets-0099,0,East
geography-if-the-sun-sets-0099,1,North
geography-if-the-sun-sets-0099,2,West
geography-if-the-sun-sets-0099,3,South
geography-which-ocean-is-the-0100,0,Atlantic Ocean
geography-which-ocean-is-the-0100,1,Arctic Ocean
geography-which-ocean-is-the-0100,2,Pacific Ocean
geography-which-ocean-is-the-0100,3,Indian Ocean
history-who-was-the-first-0001,0,Susan B. Anthony
history-who-was-the-first-0001,1,Abraham Lincoln
history-who-was-the-first-0001,2,George Washington
history-who-was-the-first-0001,3,Martin Luther King Jr.
history-who-led-the-u-s-0002,0,Martin Luther King Jr.
history-who-led-the-u-s-0002,1,Abraham Lincoln
history-who-led-the-u-s-0002,2,George Washington
history-who-led-the-u-s-0002,3,Susan B. Anthony
history-who-fought-for-civil-0003,0,George Washington
history-who-fought-for-civil-0003,1,Martin Luther King Jr.
history-who-fought-for-civil-0003,2,Susan B. Anthony
history-who-fought-for-civil-0003,3,Abraham Lincoln
history-who-worked-for-women-s-0004,0,Abraham Lincoln
history-who-worked-for-women-s-0004,1,Susan B. Anthony
history-who-worked-for-women-s-0004,2,George Washington
history-who-worked-for-women-s-0004,3,Martin Luther King Jr.
history-who-helped-enslaved-people-0005,0,Martin Luther King Jr.
history-who-helped-enslaved-people-0005,1,Harriet Tubman
history-who-helped-enslaved-people-0005,2,George Washington
history-who-helped-enslaved-people-0005,3,Abraham Lincoln
history-who-refused-to-give-0006,0,Martin Luther King Jr.
history-who-refused-to-give-0006,1,Abraham Lincoln
history-who-refused-to-give-0006,2,George Washington
history-who-refused-to-give-0006,3,Rosa Parks
history-who-invented-practical-electric-0007,0,George Washington
history-who-invented-practical-electric-0007,1,Thomas Edison
history-who-invented-practical-electric-0007,2,Martin Luther King Jr.
history-who-invented-practical-electric-0007,3,Abraham Lincoln
history-who-invented-the-telephone-0008,0,Abraham Lincoln
history-who-invented-the-telephone-0008,1,Alexander Graham Bell
history-who-invented-the-telephone-0008,2,Martin Luther King Jr.
history-who-invented-the-telephone-0008,3,George Washington
history-who-built-and-flew-0009,0,George Washington
history-who-built-and-flew-0009,1,Martin Luther King Jr.
history-who-built-and-flew-0009,2,Abraham Lincoln
history-who-built-and-flew-0009,3,Wright brothers
history-who-was-first-person-0010,0,Abraham Lincoln
history-who-was-first-person-0010,1,Martin Luther King Jr.
history-who-was-first-person-0010,2,George Washington
history-who-was-first-person-0010,3,Neil Armstrong
history-who-was-a-famous-0011,0,Martin Luther King Jr.
history-who-was-a-famous-0011,1,George Washington
history-who-was-a-famous-0011,2,Abraham Lincoln
history-who-was-a-famous-0011,3,Amelia Earhart
history-who-organized-farm-workers-0012,0,George Washington
history-who-organized-farm-workers-0012,1,Martin Luther King Jr.
history-who-organized-farm-workers-0012,2,Abraham Lincoln
history-who-organized-farm-workers-0012,3,Cesar Chavez
history-who-helped-guide-the-0013,0,Martin Luther King Jr.
history-who-helped-guide-the-0013,1,Abraham Lincoln
history-who-helped-guide-the-0013,2,Sacagawea
history-who-helped-guide-the-0013,3,George Washington
history-who-helped-write-and-0014,0,Abraham Lincoln
history-who-helped-write-and-0014,1,Benjamin Franklin
history-who-helped-write-and-0014,2,Martin Luther King Jr.
history-who-helped-write-and-0014,3,George Washington
history-who-sailed-from-europe-0015,0,Martin Luther King Jr.
history-who-sailed-from-europe-0015,1,Abraham Lincoln
history-who-sailed-from-europe-0015,2,George Washington
history-who-sailed-from-europe-0015,3,Christopher Columbus
history-who-made-major-discoveries-0016,0,Abraham Lincoln
history-who-made-major-discoveries-0016,1,Martin Luther King Jr.
history-who-made-major-discoveries-0016,2,Marie Curie
history-who-made-major-discoveries-0016,3,George Washington
history-who-helped-create-modern-0017,0,Florence Nightingale
history-who-helped-create-modern-0017,1,Martin Luther King Jr.
history-who-helped-create-modern-0017,2,Abraham Lincoln
history-who-helped-create-modern-0017,3,George Washington
history-who-helped-fly-one-0018,0,Orville Wright
history-who-helped-fly-one-0018,1,Abraham Lincoln
history-who-helped-fly-one-0018,2,Martin Luther King Jr.
history-who-helped-fly-one-0018,3,George Washington
history-who-was-the-first-0019,0,Martin Luther King Jr.
history-who-was-the-first-0019,1,Valentina Tereshkova
history-who-was-the-first-0019,2,George Washington
history-who-was-the-first-0019,3,Abraham Lincoln
history-who-helped-build-the-0020,0,Martin Luther King Jr.
history-who-helped-build-the-0020,1,Abraham Lincoln
history-who-helped-build-the-0020,2,George Washington
history-who-helped-build-the-0020,3,Alexander Hamilton
history-in-what-year-did-0021,0,1781
history-in-what-year-did-0021,1,1796
history-in-what-year-did-0021,2,1776
history-in-what-year-did-0021,3,1766
history-which-event-happened-in-0022,0,U.S. Declaration of Independence was signed
history-which-event-happened-in-0022,1,World War I began
history-which-event-happened-in-0022,2,American Civil War began
history-which-event-happened-in-0022,3,American Civil War ended
history-in-what-year-did-0023,0,1866
history-in-what-year-did-0023,1,1851
history-in-what-year-did-0023,2,1861
history-in-what-year-did-0023,3,1881
history-in-what-year-did-0024,0,1885
history-in-what-year-did-0024,1,1855
history-in-what-year-did-0024,2,1865
history-in-what-year-did-0024,3,1870
history-in-what-year-did-0025,0,1904
history-in-what-year-did-0025,1,1914
history-in-what-year-did-0025,2,1919
history-in-what-year-did-0025,3,1934
history-in-what-year-did-0026,0,1965
history-in-what-year-did-0026,1,1950
history-in-what-year-did-0026,2,1935
history-in-what-year-did-0026,3,1945
history-in-what-year-did-0027,0,1989
history-in-what-year-did-0027,1,1969
history-in-what-year-did-0027,2,1959
history-in-what-year-did-0027,3,1974
history-in-what-year-did-0028,0,1979
history-in-what-year-did-0028,1,1994
history-in-what-year-did-0028,2,2009
history-in-what-year-did-0028,3,1989
history-in-what-year-did-0029,0,2012
history-in-what-year-did-0029,1,2027
history-in-what-year-did-0029,2,2007
history-in-what-year-did-0029,3,1997
history-in-what-year-did-0030,0,1955
history-in-what-year-did-0030,1,1945
history-in-what-year-did-0030,2,1975
history-in-what-year-did-0030,3,1960
history-in-what-year-did-0031,0,1430
history-in-what-year-did-0031,1,1460
history-in-what-year-did-0031,2,1440
history-in-what-year-did-0031,3,1445
history-in-what-year-did-0032,0,1792
history-in-what-year-did-0032,1,1777
history-in-what-year-did-0032,2,1807
history-in-what-year-did-0032,3,1787
history-in-what-year-did-0033,0,1803
history-in-what-year-did-0033,1,1793
history-in-what-year-did-0033,2,1823
history-in-what-year-did-0033,3,1808
history-in-what-year-did-0034,0,1903
history-in-what-year-did-0034,1,1923
history-in-what-year-did-0034,2,1908
history-in-what-year-did-0034,3,1893
history-in-what-year-did-0035,0,1969
history-in-what-year-did-0035,1,1984
history-in-what-year-did-0035,2,1954
history-in-what-year-did-0035,3,1964
history-in-what-year-did-0036,0,1935
history-in-what-year-did-0036,1,1945
history-in-what-year-did-0036,2,1950
history-in-what-year-did-0036,3,1965
history-pyramids-at-giza-is-0037,0,China
history-pyramids-at-giza-is-0037,1,Ancient Greece
history-pyramids-at-giza-is-0037,2,Ancient Egypt
history-pyramids-at-giza-is-0037,3,Ancient Rome
history-great-wall-is-most-0038,0,China
history-great-wall-is-most-0038,1,Ancient Rome
history-great-wall-is-most-0038,2,Ancient Greece
history-great-wall-is-most-0038,3,Ancient Egypt
history-parthenon-is-most-closely-0039,0,Ancient Rome
history-parthenon-is-most-closely-0039,1,Ancient Egypt
history-parthenon-is-most-closely-0039,2,China
history-parthenon-is-most-closely-0039,3,Ancient Greece
history-colosseum-is-most-closely-0040,0,Ancient Egypt
history-colosseum-is-most-closely-0040,1,Ancient Greece
history-colosseum-is-most-closely-0040,2,China
history-colosseum-is-most-closely-0040,3,Ancient Rome
history-machu-picchu-is-most-0041,0,China
history-machu-picchu-is-most-0041,1,Inca civilization
history-machu-picchu-is-most-0041,2,Ancient Greece
history-machu-picchu-is-most-0041,3,Ancient Egypt
history-taj-mahal-is-most-0042,0,China
history-taj-mahal-is-most-0042,1,India
history-taj-mahal-is-most-0042,2,Ancient Greece
history-taj-mahal-is-most-0042,3,Ancient Egypt
history-stonehenge-is-most-closely-0043,0,China
history-stonehenge-is-most-closely-0043,1,Ancient Egypt
history-stonehenge-is-most-closely-0043,2,United Kingdom
history-stonehenge-is-most-closely-0043,3,Ancient Greece
history-moai-statues-is-most-0044,0,China
history-moai-statues-is-most-0044,1,Ancient Greece
history-moai-statues-is-most-0044,2,Easter Island
history-moai-statues-is-most-0044,3,Ancient Egypt
history-chichen-itza-is-most-0045,0,Ancient Greece
history-chichen-itza-is-most-0045,1,China
history-chichen-itza-is-most-0045,2,Maya civilization
history-chichen-itza-is-most-0045,3,Ancient Egypt
history-petra-is-most-closely-0046,0,Ancient Egypt
history-petra-is-most-closely-0046,1,Ancient Greece
history-petra-is-most-closely-0046,2,Nabataean civilization
history-petra-is-most-closely-0046,3,China
history-history-timeline-1-which-0047,0,1776
history-history-timeline-1-which-0047,1,1771
history-history-timeline-1-which-0047,2,1783
history-history-timeline-1-which-0047,3,1791
history-history-timeline-2-which-0048,0,1787
history-history-timeline-2-which-0048,1,1782
history-history-timeline-2-which-0048,2,1794
history-history-timeline-2-which-0048,3,1802
history-history-timeline-3-which-0049,0,1803
history-history-timeline-3-which-0049,1,1798
history-history-timeline-3-which-0049,2,1810
history-history-timeline-3-which-0049,3,1818
history-history-timeline-4-which-0050,0,1861
history-history-timeline-4-which-0050,1,1856
history-history-timeline-4-which-0050,2,1868
history-history-timeline-4-which-0050,3,1876
history-history-timeline-5-which-0051,0,1865
history-history-timeline-5-which-0051,1,1860
history-history-timeline-5-which-0051,2,1872
history-history-timeline-5-which-0051,3,1880
history-history-timeline-6-which-0052,0,1903
history-history-timeline-6-which-0052,1,1898
history-history-timeline-6-which-0052,2,1910
history-history-timeline-6-which-0052,3,1918
history-history-timeline-7-which-0053,0,1945
history-history-timeline-7-which-0053,1,1940
history-history-timeline-7-which-0053,2,1952
history-history-timeline-7-which-0053,3,1960
history-history-timeline-8-which-0054,0,1969
history-history-timeline-8-which-0054,1,1964
history-history-timeline-8-which-0054,2,1976
history-history-timeline-8-which-0054,3,1984
history-history-timeline-9-which-0055,0,1776
history-history-timeline-9-which-0055,1,1771
history-history-timeline-9-which-0055,2,1783
history-history-timeline-9-which-0055,3,1791
history-history-timeline-10-which-0056,0,1787
history-history-timeline-10-which-0056,1,1782
history-history-timeline-10-which-0056,2,1794
history-history-timeline-10-which-0056,3,1802
history-history-timeline-11-which-0057,0,1803
history-history-timeline-11-which-0057,1,1798
history-history-timeline-11-which-0057,2,1810
history-history-timeline-11-which-0057,3,1818
history-history-timeline-12-which-0058,0,1861
history-history-timeline-12-which-0058,1,1856
history-history-timeline-12-which-0058,2,1868
history-history-timeline-12-which-0058,3,1876
history-history-timeline-13-which-0059,0,1865
history-history-timeline-13-which-0059,1,1860
history-history-timeline-13-which-0059,2,1872
history-history-timeline-13-which-0059,3,1880
history-history-timeline-14-which-0060,0,1903
history-history-timeline-14-which-0060,1,1898
history-history-timeline-14-which-0060,2,1910
history-history-timeline-14-which-0060,3,1918
history-history-timeline-15-which-0061,0,1945
history-history-timeline-15-which-0061,1,1940
history-history-timeline-15-which-0061,2,1952
history-history-timeline-15-which-0061,3,1960
history-history-timeline-16-which-0062,0,1969
history-history-timeline-16-which-0062,1,1964
history-history-timeline-16-which-0062,2,1976
history-history-timeline-16-which-0062,3,1984
history-history-timeline-17-which-0063,0,1776
history-history-timeline-17-which-0063,1,1771
history-history-timeline-17-which-0063,2,1783
history-history-timeline-17-which-0063,3,1791
history-history-timeline-18-which-0064,0,1787
history-history-timeline-18-which-0064,1,1782
history-history-timeline-18-which-0064,2,1794
history-history-timeline-18-which-0064,3,1802
history-history-timeline-19-which-0065,0,1803
history-history-timeline-19-which-0065,1,1798
history-history-timeline-19-which-0065,2,1810
history-history-timeline-19-which-0065,3,1818
history-history-timeline-20-which-0066,0,1861
history-history-timeline-20-which-0066,1,1856
history-history-timeline-20-which-0066,2,1868
history-history-timeline-20-which-0066,3,1876
history-history-timeline-21-which-0067,0,1865
history-history-timeline-21-which-0067,1,1860
history-history-timeline-21-which-0067,2,1872
history-history-timeline-21-which-0067,3,1880
history-history-timeline-22-which-0068,0,1903
history-history-timeline-22-which-0068,1,1898
history-history-timeline-22-which-0068,2,1910
history-history-timeline-22-which-0068,3,1918
history-history-timeline-23-which-0069,0,1945
history-history-timeline-23-which-0069,1,1940
history-history-timeline-23-which-0069,2,1952
history-history-timeline-23-which-0069,3,1960
history-history-timeline-24-which-0070,0,1969
history-history-timeline-24-which-0070,1,1964
history-history-timeline-24-which-0070,2,1976
history-history-timeline-24-which-0070,3,1984
history-history-timeline-25-which-0071,0,1776
history-history-timeline-25-which-0071,1,1771
history-history-timeline-25-which-0071,2,1783
history-history-timeline-25-which-0071,3,1791
history-history-timeline-26-which-0072,0,1787
history-history-timeline-26-which-0072,1,1782
history-history-timeline-26-which-0072,2,1794
history-history-timeline-26-which-0072,3,1802
history-history-timeline-27-which-0073,0,1803
history-history-timeline-27-which-0073,1,1798
history-history-timeline-27-which-0073,2,1810
history-history-timeline-27-which-0073,3,1818
history-history-timeline-28-which-0074,0,1861
history-history-timeline-28-which-0074,1,1856
history-history-timeline-28-which-0074,2,1868
history-history-timeline-28-which-0074,3,1876
history-history-timeline-29-which-0075,0,1865
history-history-timeline-29-which-0075,1,1860
history-history-timeline-29-which-0075,2,1872
history-history-timeline-29-which-0075,3,1880
history-history-timeline-30-which-0076,0,1903
history-history-timeline-30-which-0076,1,1898
history-history-timeline-30-which-0076,2,1910
history-history-timeline-30-which-0076,3,1918
history-history-timeline-31-which-0077,0,1945
history-history-timeline-31-which-0077,1,1940
history-history-timeline-31-which-0077,2,1952
history-history-timeline-31-which-0077,3,1960
history-history-timeline-32-which-0078,0,1969
history-history-timeline-32-which-0078,1,1964
history-history-timeline-32-which-0078,2,1976
history-history-timeline-32-which-0078,3,1984
history-history-timeline-33-which-0079,0,1776
history-history-timeline-33-which-0079,1,1771
history-history-timeline-33-which-0079,2,1783
history-history-timeline-33-which-0079,3,1791
history-history-timeline-34-which-0080,0,1787
history-history-timeline-34-which-0080,1,1782
history-history-timeline-34-which-0080,2,1794
history-history-timeline-34-which-0080,3,1802
history-history-timeline-35-which-0081,0,1803
history-history-timeline-35-which-0081,1,1798
history-history-timeline-35-which-0081,2,1810
history-history-timeline-35-which-0081,3,1818
history-history-timeline-36-which-0082,0,1861
history-history-timeline-36-which-0082,1,1856
history-history-timeline-36-which-0082,2,1868
history-history-timeline-36-which-0082,3,1876
history-history-timeline-37-which-0083,0,1865
history-history-timeline-37-which-0083,1,1860
history-history-timeline-37-which-0083,2,1872
history-history-timeline-37-which-0083,3,1880
history-history-timeline-38-which-0084,0,1903
history-history-timeline-38-which-0084,1,1898
history-history-timeline-38-which-0084,2,1910
history-history-timeline-38-which-0084,3,1918
history-history-timeline-39-which-0085,0,1945
history-history-timeline-39-which-0085,1,1940
history-history-timeline-39-which-0085,2,1952
history-history-timeline-39-which-0085,3,1960
history-history-timeline-40-which-0086,0,1969
history-history-timeline-40-which-0086,1,1964
history-history-timeline-40-which-0086,2,1976
history-history-timeline-40-which-0086,3,1984
history-history-timeline-41-which-0087,0,1776
history-history-timeline-41-which-0087,1,1771
history-history-timeline-41-which-0087,2,1783
history-history-timeline-41-which-0087,3,1791
history-history-timeline-42-which-0088,0,1787
history-history-timeline-42-which-0088,1,1782
history-history-timeline-42-which-0088,2,1794
history-history-timeline-42-which-0088,3,1802
history-history-timeline-43-which-0089,0,1803
history-history-timeline-43-which-0089,1,1798
history-history-timeline-43-which-0089,2,1810
history-history-timeline-43-which-0089,3,1818
history-history-timeline-44-which-0090,0,1861
history-history-timeline-44-which-0090,1,1856
history-history-timeline-44-which-0090,2,1868
history-history-timeline-44-which-0090,3,1876
history-history-timeline-45-which-0091,0,1865
history-history-timeline-45-which-0091,1,1860
history-history-timeline-45-which-0091,2,1872
history-history-timeline-45-which-0091,3,1880
history-history-timeline-46-which-0092,0,1903
history-history-timeline-46-which-0092,1,1898
history-history-timeline-46-which-0092,2,1910
history-history-timeline-46-which-0092,3,1918
history-history-timeline-47-which-0093,0,1945
history-history-timeline-47-which-0093,1,1940
history-history-timeline-47-which-0093,2,1952
history-history-timeline-47-which-0093,3,1960
history-history-timeline-48-which-0094,0,1969
history-history-timeline-48-which-0094,1,1964
history-history-timeline-48-which-0094,2,1976
history-history-timeline-48-which-0094,3,1984
history-history-timeline-49-which-0095,0,1776
history-history-timeline-49-which-0095,1,1771
history-history-timeline-49-which-0095,2,1783
history-history-timeline-49-which-0095,3,1791
history-history-timeline-50-which-0096,0,1787
history-history-timeline-50-which-0096,1,1782
history-history-timeline-50-which-0096,2,1794
history-history-timeline-50-which-0096,3,1802
history-history-timeline-51-which-0097,0,1803
history-history-timeline-51-which-0097,1,1798
history-history-timeline-51-which-0097,2,1810
history-history-timeline-51-which-0097,3,1818
history-history-timeline-52-which-0098,0,1861
history-history-timeline-52-which-0098,1,1856
history-history-timeline-52-which-0098,2,1868
history-history-timeline-52-which-0098,3,1876
history-history-timeline-53-which-0099,0,1865
history-history-timeline-53-which-0099,1,1860
history-history-timeline-53-which-0099,2,1872
history-history-timeline-53-which-0099,3,1880
history-history-timeline-54-which-0100,0,1903
history-history-timeline-54-which-0100,1,1898
history-history-timeline-54-which-0100,2,1910
history-history-timeline-54-which-0100,3,1918
language-reading-which-word-means-about-0001,0,tiny
language-reading-which-word-means-about-0001,1,big
language-reading-which-word-means-about-0001,2,large
language-reading-which-word-means-about-0001,3,quick
language-reading-which-word-means-about-0002,0,big
language-reading-which-word-means-about-0002,1,quick
language-reading-which-word-means-about-0002,2,rapid
language-reading-which-word-means-about-0002,3,tiny
language-reading-which-word-means-about-0003,0,quick
language-reading-which-word-means-about-0003,1,large
language-reading-which-word-means-about-0003,2,small
language-reading-which-word-means-about-0003,3,rapid
language-reading-which-word-means-about-0004,0,glad
language-reading-which-word-means-about-0004,1,rapid
language-reading-which-word-means-about-0004,2,quick
language-reading-which-word-means-about-0004,3,large
language-reading-which-word-means-about-0005,0,rapid
language-reading-which-word-means-about-0005,1,quick
language-reading-which-word-means-about-0005,2,mad
language-reading-which-word-means-about-0005,3,large
language-reading-which-word-means-about-0006,0,start
language-reading-which-word-means-about-0006,1,large
language-reading-which-word-means-about-0006,2,quick
language-reading-which-word-means-about-0006,3,rapid
language-reading-which-word-means-about-0007,0,quick
language-reading-which-word-means-about-0007,1,large
language-reading-which-word-means-about-0007,2,rapid
language-reading-which-word-means-about-0007,3,end
language-reading-which-word-means-about-0008,0,large
language-reading-which-word-means-about-0008,1,rapid
language-reading-which-word-means-about-0008,2,quick
language-reading-which-word-means-about-0008,3,quiet
language-reading-which-word-means-about-0009,0,rapid
language-reading-which-word-means-about-0009,1,quick
language-reading-which-word-means-about-0009,2,clever
language-reading-which-word-means-about-0009,3,large
language-reading-which-word-means-about-0010,0,rapid
language-reading-which-word-means-about-0010,1,courageous
language-reading-which-word-means-about-0010,2,large
language-reading-which-word-means-about-0010,3,quick
language-reading-which-word-means-about-0011,0,rapid
language-reading-which-word-means-about-0011,1,easy
language-reading-which-word-means-about-0011,2,large
language-reading-which-word-means-about-0011,3,quick
language-reading-which-word-means-about-0012,0,quick
language-reading-which-word-means-about-0012,1,rapid
language-reading-which-word-means-about-0012,2,difficult
language-reading-which-word-means-about-0012,3,large
language-reading-which-word-means-about-0013,0,neat
language-reading-which-word-means-about-0013,1,rapid
language-reading-which-word-means-about-0013,2,large
language-reading-which-word-means-about-0013,3,quick
language-reading-which-word-means-about-0014,0,rapid
language-reading-which-word-means-about-0014,1,untidy
language-reading-which-word-means-about-0014,2,large
language-reading-which-word-means-about-0014,3,quick
language-reading-which-word-means-about-0015,0,rapid
language-reading-which-word-means-about-0015,1,present
language-reading-which-word-means-about-0015,2,quick
language-reading-which-word-means-about-0015,3,large
language-reading-which-word-means-about-0016,0,quick
language-reading-which-word-means-about-0016,1,large
language-reading-which-word-means-about-0016,2,task
language-reading-which-word-means-about-0016,3,rapid
language-reading-which-word-means-about-0017,0,quick
language-reading-which-word-means-about-0017,1,rapid
language-reading-which-word-means-about-0017,2,see
language-reading-which-word-means-about-0017,3,large
language-reading-which-word-means-about-0018,0,yell
language-reading-which-word-means-about-0018,1,large
language-reading-which-word-means-about-0018,2,quick
language-reading-which-word-means-about-0018,3,rapid
language-reading-which-word-means-about-0019,0,quick
language-reading-which-word-means-about-0019,1,speedy
language-reading-which-word-means-about-0019,2,rapid
language-reading-which-word-means-about-0019,3,large
language-reading-which-word-means-about-0020,0,rapid
language-reading-which-word-means-about-0020,1,large
language-reading-which-word-means-about-0020,2,cold
language-reading-which-word-means-about-0020,3,quick
language-reading-which-word-means-about-0021,0,rapid
language-reading-which-word-means-about-0021,1,hot
language-reading-which-word-means-about-0021,2,large
language-reading-which-word-means-about-0021,3,quick
language-reading-which-word-means-about-0022,0,rapid
language-reading-which-word-means-about-0022,1,large
language-reading-which-word-means-about-0022,2,honest
language-reading-which-word-means-about-0022,3,quick
language-reading-which-word-means-about-0023,0,rapid
language-reading-which-word-means-about-0023,1,fix
language-reading-which-word-means-about-0023,2,large
language-reading-which-word-means-about-0023,3,quick
language-reading-which-word-means-about-0024,0,quick
language-reading-which-word-means-about-0024,1,rapid
language-reading-which-word-means-about-0024,2,large
language-reading-which-word-means-about-0024,3,select
language-reading-which-word-means-about-0025,0,rapid
language-reading-which-word-means-about-0025,1,quick
language-reading-which-word-means-about-0025,2,large
language-reading-which-word-means-about-0025,3,vacant
language-reading-which-word-means-about-0026,0,rapid
language-reading-which-word-means-about-0026,1,large
language-reading-which-word-means-about-0026,2,tale
language-reading-which-word-means-about-0026,3,quick
language-reading-which-word-means-about-0027,0,quick
language-reading-which-word-means-about-0027,1,leap
language-reading-which-word-means-about-0027,2,large
language-reading-which-word-means-about-0027,3,rapid
language-reading-which-word-means-about-0028,0,consume
language-reading-which-word-means-about-0028,1,rapid
language-reading-which-word-means-about-0028,2,large
language-reading-which-word-means-about-0028,3,quick
language-reading-which-word-means-about-0029,0,rapid
language-reading-which-word-means-about-0029,1,quick
language-reading-which-word-means-about-0029,2,large
language-reading-which-word-means-about-0029,3,tired
language-reading-which-word-means-about-0030,0,large
language-reading-which-word-means-about-0030,1,quick
language-reading-which-word-means-about-0030,2,rapid
language-reading-which-word-means-about-0030,3,pal
language-reading-which-word-means-about-0031,0,large
language-reading-which-word-means-about-0031,1,rapid
language-reading-which-word-means-about-0031,2,quick
language-reading-which-word-means-about-0031,3,silly
language-reading-which-word-means-about-0032,0,large
language-reading-which-word-means-about-0032,1,rapid
language-reading-which-word-means-about-0032,2,quick
language-reading-which-word-means-about-0032,3,rock
language-reading-which-word-means-about-0033,0,large
language-reading-which-word-means-about-0033,1,quick
language-reading-which-word-means-about-0033,2,rapid
language-reading-which-word-means-about-0033,3,shine
language-reading-which-word-means-about-0034,0,peaceful
language-reading-which-word-means-about-0034,1,large
language-reading-which-word-means-about-0034,2,rapid
language-reading-which-word-means-about-0034,3,quick
language-reading-which-word-means-about-0035,0,rapid
language-reading-which-word-means-about-0035,1,large
language-reading-which-word-means-about-0035,2,secure
language-reading-which-word-means-about-0035,3,quick
language-reading-which-word-means-about-0036,0,quick
language-reading-which-word-means-about-0036,1,large
language-reading-which-word-means-about-0036,2,little
language-reading-which-word-means-about-0036,3,rapid
language-reading-which-word-means-about-0037,0,pleased
language-reading-which-word-means-about-0037,1,large
language-reading-which-word-means-about-0037,2,rapid
language-reading-which-word-means-about-0037,3,quick
language-reading-what-is-the-opposite-0038,0,down
language-reading-what-is-the-opposite-0038,1,out
language-reading-what-is-the-opposite-0038,2,late
language-reading-what-is-the-opposite-0038,3,cold
language-reading-what-is-the-opposite-0039,0,late
language-reading-what-is-the-opposite-0039,1,down
language-reading-what-is-the-opposite-0039,2,cold
language-reading-what-is-the-opposite-0039,3,out
language-reading-what-is-the-opposite-0040,0,down
language-reading-what-is-the-opposite-0040,1,out
language-reading-what-is-the-opposite-0040,2,late
language-reading-what-is-the-opposite-0040,3,cold
language-reading-what-is-the-opposite-0041,0,cold
language-reading-what-is-the-opposite-0041,1,late
language-reading-what-is-the-opposite-0041,2,down
language-reading-what-is-the-opposite-0041,3,out
language-reading-what-is-the-opposite-0042,0,down
language-reading-what-is-the-opposite-0042,1,cold
language-reading-what-is-the-opposite-0042,2,late
language-reading-what-is-the-opposite-0042,3,full
language-reading-what-is-the-opposite-0043,0,late
language-reading-what-is-the-opposite-0043,1,down
language-reading-what-is-the-opposite-0043,2,cold
language-reading-what-is-the-opposite-0043,3,night
language-reading-what-is-the-opposite-0044,0,cold
language-reading-what-is-the-opposite-0044,1,late
language-reading-what-is-the-opposite-0044,2,closed
language-reading-what-is-the-opposite-0044,3,down
language-reading-what-is-the-opposite-0045,0,late
language-reading-what-is-the-opposite-0045,1,cold
language-reading-what-is-the-opposite-0045,2,old
language-reading-what-is-the-opposite-0045,3,down
language-reading-what-is-the-opposite-0046,0,weak
language-reading-what-is-the-opposite-0046,1,late
language-reading-what-is-the-opposite-0046,2,cold
language-reading-what-is-the-opposite-0046,3,down
language-reading-what-is-the-opposite-0047,0,late
language-reading-what-is-the-opposite-0047,1,down
language-reading-what-is-the-opposite-0047,2,cold
language-reading-what-is-the-opposite-0047,3,far
language-reading-what-is-the-opposite-0048,0,cold
language-reading-what-is-the-opposite-0048,1,down
language-reading-what-is-the-opposite-0048,2,low
language-reading-what-is-the-opposite-0048,3,late
language-reading-what-is-the-opposite-0049,0,down
language-reading-what-is-the-opposite-0049,1,cold
language-reading-what-is-the-opposite-0049,2,cry
language-reading-what-is-the-opposite-0049,3,late
language-reading-what-is-the-opposite-0050,0,down
language-reading-what-is-the-opposite-0050,1,lose
language-reading-what-is-the-opposite-0050,2,cold
language-reading-what-is-the-opposite-0050,3,late
language-reading-what-is-the-opposite-0051,0,leave
language-reading-what-is-the-opposite-0051,1,cold
language-reading-what-is-the-opposite-0051,2,late
language-reading-what-is-the-opposite-0051,3,down
language-reading-what-is-the-opposite-0052,0,down
language-reading-what-is-the-opposite-0052,1,cold
language-reading-what-is-the-opposite-0052,2,subtract
language-reading-what-is-the-opposite-0052,3,late
language-reading-what-is-the-opposite-0053,0,down
language-reading-what-is-the-opposite-0053,1,refuse
language-reading-what-is-the-opposite-0053,2,late
language-reading-what-is-the-opposite-0053,3,cold
language-reading-what-is-the-opposite-0054,0,cold
language-reading-what-is-the-opposite-0054,1,down
language-reading-what-is-the-opposite-0054,2,late
language-reading-what-is-the-opposite-0054,3,dead
language-reading-what-is-the-opposite-0055,0,down
language-reading-what-is-the-opposite-0055,1,cold
language-reading-what-is-the-opposite-0055,2,late
language-reading-what-is-the-opposite-0055,3,hard
language-reading-what-is-the-opposite-0056,0,cold
language-reading-what-is-the-opposite-0056,1,dangerous
language-reading-what-is-the-opposite-0056,2,late
language-reading-what-is-the-opposite-0056,3,down
language-reading-what-is-the-opposite-0057,0,late
language-reading-what-is-the-opposite-0057,1,cold
language-reading-what-is-the-opposite-0057,2,down
language-reading-what-is-the-opposite-0057,3,rough
language-reading-what-is-the-opposite-0058,0,down
language-reading-what-is-the-opposite-0058,1,back
language-reading-what-is-the-opposite-0058,2,cold
language-reading-what-is-the-opposite-0058,3,late
language-reading-what-is-the-opposite-0059,0,down
language-reading-what-is-the-opposite-0059,1,late
language-reading-what-is-the-opposite-0059,2,thin
language-reading-what-is-the-opposite-0059,3,cold
language-reading-what-is-the-opposite-0060,0,cold
language-reading-what-is-the-opposite-0060,1,down
language-reading-what-is-the-opposite-0060,2,late
language-reading-what-is-the-opposite-0060,3,sour
language-reading-what-is-the-opposite-0061,0,down
language-reading-what-is-the-opposite-0061,1,cold
language-reading-what-is-the-opposite-0061,2,late
language-reading-what-is-the-opposite-0061,3,dark
language-reading-what-is-the-opposite-0062,0,down
language-reading-what-is-the-opposite-0062,1,cold
language-reading-what-is-the-opposite-0062,2,late
language-reading-what-is-the-opposite-0062,3,dirty
language-reading-what-is-the-opposite-0063,0,late
language-reading-what-is-the-opposite-0063,1,cold
language-reading-what-is-the-opposite-0063,2,down
language-reading-what-is-the-opposite-0063,3,sad
language-reading-what-is-the-opposite-0064,0,late
language-reading-what-is-the-opposite-0064,1,cold
language-reading-what-is-the-opposite-0064,2,down
language-reading-what-is-the-opposite-0064,3,loud
language-reading-what-is-the-opposite-0065,0,down
language-reading-what-is-the-opposite-0065,1,late
language-reading-what-is-the-opposite-0065,2,cold
language-reading-what-is-the-opposite-0065,3,outside
language-reading-what-is-the-opposite-0066,0,down
language-reading-what-is-the-opposite-0066,1,destroy
language-reading-what-is-the-opposite-0066,2,late
language-reading-what-is-the-opposite-0066,3,cold
language-reading-what-is-the-opposite-0067,0,late
language-reading-what-is-the-opposite-0067,1,lend
language-reading-what-is-the-opposite-0067,2,down
language-reading-what-is-the-opposite-0067,3,cold
language-reading-which-contraction-matches-do-0068,0,don't
language-reading-which-contraction-matches-do-0068,1,it's
language-reading-which-contraction-matches-do-0068,2,can't
language-reading-which-contraction-matches-do-0068,3,won't
language-reading-which-contraction-matches-can-0069,0,it's
language-reading-which-contraction-matches-can-0069,1,won't
language-reading-which-contraction-matches-can-0069,2,can't
language-reading-which-contraction-matches-can-0069,3,don't
language-reading-which-contraction-matches-will-0070,0,it's
language-reading-which-contraction-matches-will-0070,1,don't
language-reading-which-contraction-matches-will-0070,2,won't
language-reading-which-contraction-matches-will-0070,3,can't
language-reading-which-contraction-matches-it-0071,0,it's
language-reading-which-contraction-matches-it-0071,1,don't
language-reading-which-contraction-matches-it-0071,2,can't
language-reading-which-contraction-matches-it-0071,3,won't
language-reading-which-contraction-matches-i-0072,0,don't
language-reading-which-contraction-matches-i-0072,1,can't
language-reading-which-contraction-matches-i-0072,2,won't
language-reading-which-contraction-matches-i-0072,3,I'm
language-reading-which-contraction-matches-they-0073,0,won't
language-reading-which-contraction-matches-they-0073,1,can't
language-reading-which-contraction-matches-they-0073,2,they're
language-reading-which-contraction-matches-they-0073,3,don't
language-reading-which-contraction-matches-we-0074,0,don't
language-reading-which-contraction-matches-we-0074,1,can't
language-reading-which-contraction-matches-we-0074,2,we're
language-reading-which-contraction-matches-we-0074,3,won't
language-reading-which-contraction-matches-she-0075,0,won't
language-reading-which-contraction-matches-she-0075,1,she's
language-reading-which-contraction-matches-she-0075,2,don't
language-reading-which-contraction-matches-she-0075,3,can't
language-reading-which-contraction-matches-he-0076,0,don't
language-reading-which-contraction-matches-he-0076,1,won't
language-reading-which-contraction-matches-he-0076,2,he's
language-reading-which-contraction-matches-he-0076,3,can't
language-reading-which-contraction-matches-you-0077,0,can't
language-reading-which-contraction-matches-you-0077,1,don't
language-reading-which-contraction-matches-you-0077,2,won't
language-reading-which-contraction-matches-you-0077,3,you're
language-reading-which-contraction-matches-did-0078,0,didn't
language-reading-which-contraction-matches-did-0078,1,don't
language-reading-which-contraction-matches-did-0078,2,won't
language-reading-which-contraction-matches-did-0078,3,can't
language-reading-which-contraction-matches-has-0079,0,won't
language-reading-which-contraction-matches-has-0079,1,don't
language-reading-which-contraction-matches-has-0079,2,can't
language-reading-which-contraction-matches-has-0079,3,hasn't
language-reading-which-contraction-matches-have-0080,0,don't
language-reading-which-contraction-matches-have-0080,1,won't
language-reading-which-contraction-matches-have-0080,2,can't
language-reading-which-contraction-matches-have-0080,3,haven't
language-reading-which-contraction-matches-is-0081,0,don't
language-reading-which-contraction-matches-is-0081,1,can't
language-reading-which-contraction-matches-is-0081,2,won't
language-reading-which-contraction-matches-is-0081,3,isn't
language-reading-which-contraction-matches-are-0082,0,won't
language-reading-which-contraction-matches-are-0082,1,don't
language-reading-which-contraction-matches-are-0082,2,can't
language-reading-which-contraction-matches-are-0082,3,aren't
language-reading-which-contraction-matches-could-0083,0,can't
language-reading-which-contraction-matches-could-0083,1,don't
language-reading-which-contraction-matches-could-0083,2,won't
language-reading-which-contraction-matches-could-0083,3,couldn't
language-reading-which-contraction-matches-should-0084,0,won't
language-reading-which-contraction-matches-should-0084,1,shouldn't
language-reading-which-contraction-matches-should-0084,2,don't
language-reading-which-contraction-matches-should-0084,3,can't
language-reading-which-contraction-matches-would-0085,0,can't
language-reading-which-contraction-matches-would-0085,1,wouldn't
language-reading-which-contraction-matches-would-0085,2,don't
language-reading-which-contraction-matches-would-0085,3,won't
language-reading-what-is-the-correct-0086,0,babies
language-reading-what-is-the-correct-0086,1,boxes
language-reading-what-is-the-correct-0086,2,buses
language-reading-what-is-the-correct-0086,3,cities
language-reading-what-is-the-correct-0087,0,boxes
language-reading-what-is-the-correct-0087,1,cities
language-reading-what-is-the-correct-0087,2,buses
language-reading-what-is-the-correct-0087,3,babies
language-reading-what-is-the-correct-0088,0,cities
language-reading-what-is-the-correct-0088,1,babies
language-reading-what-is-the-correct-0088,2,boxes
language-reading-what-is-the-correct-0088,3,buses
language-reading-what-is-the-correct-0089,0,babies
language-reading-what-is-the-correct-0089,1,boxes
language-reading-what-is-the-correct-0089,2,cities
language-reading-what-is-the-correct-0089,3,buses
language-reading-what-is-the-correct-0090,0,babies
language-reading-what-is-the-correct-0090,1,cities
language-reading-what-is-the-correct-0090,2,foxes
language-reading-what-is-the-correct-0090,3,buses
language-reading-what-is-the-correct-0091,0,cities
language-reading-what-is-the-correct-0091,1,babies
language-reading-what-is-the-correct-0091,2,buses
language-reading-what-is-the-correct-0091,3,leaves
language-reading-what-is-the-correct-0092,0,babies
language-reading-what-is-the-correct-0092,1,wolves
language-reading-what-is-the-correct-0092,2,cities
language-reading-what-is-the-correct-0092,3,buses
language-reading-what-is-the-correct-0093,0,stories
language-reading-what-is-the-correct-0093,1,cities
language-reading-what-is-the-correct-0093,2,buses
language-reading-what-is-the-correct-0093,3,babies
language-reading-what-is-the-correct-0094,0,cities
language-reading-what-is-the-correct-0094,1,buses
language-reading-what-is-the-correct-0094,2,babies
language-reading-what-is-the-correct-0094,3,brushes
language-reading-what-is-the-correct-0095,0,dishes
language-reading-what-is-the-correct-0095,1,babies
language-reading-what-is-the-correct-0095,2,buses
language-reading-what-is-the-correct-0095,3,cities
language-reading-what-is-the-correct-0096,0,cities
language-reading-what-is-the-correct-0096,1,buses
language-reading-what-is-the-correct-0096,2,churches
language-reading-what-is-the-correct-0096,3,babies
language-reading-what-is-the-correct-0097,0,cities
language-reading-what-is-the-correct-0097,1,heroes
language-reading-what-is-the-correct-0097,2,babies
language-reading-what-is-the-correct-0097,3,buses
language-reading-what-is-the-correct-0098,0,potatoes
language-reading-what-is-the-correct-0098,1,buses
language-reading-what-is-the-correct-0098,2,cities
language-reading-what-is-the-correct-0098,3,babies
language-reading-what-is-the-correct-0099,0,buses
language-reading-what-is-the-correct-0099,1,babies
language-reading-what-is-the-correct-0099,2,cities
language-reading-what-is-the-correct-0099,3,knives
language-reading-what-is-the-correct-0100,0,babies
language-reading-what-is-the-correct-0100,1,cities
language-reading-what-is-the-correct-0100,2,buses
language-reading-what-is-the-correct-0100,3,shelves
